"relpath","listed","writable","mirrored","generated","disabled","isDefault"
"config-registry.json","False","False","False","False","False","False"
"custom-ce/custom_types.xml","True","False","False","False","False","False"
"custom-ce/custom-ce.json","True","False","False","False","False","False"
"custom-ce/expansion_spawnabletypes.xml","True","False","False","False","False","False"
"custom-ce/expansion_types_tuning.defaults.xml","False","False","False","False","False","True"
"custom-ce/expansion_types_tuning.xml","True","False","True","False","False","False"
"custom-ce/expansion_types.xml","True","False","False","False","False","False"
"custom-ce/maps/dayzOffline.enoch/expansion_types_tuning.defaults.xml","False","False","False","False","False","True"
"custom-ce/maps/dayzOffline.enoch/expansion_types_tuning.xml","True","False","True","False","False","False"
"custom-ce/maps/dayzOffline.enoch/expansion_types.xml","True","False","False","False","False","False"
"dayzsetting.xml","False","False","False","False","False","False"
"messages.defaults.xml","False","False","False","False","False","True"
"messages.xml","True","True","True","False","False","False"
"mpmissions/dayzOffline.chernarusplus/cfgeconomycore.defaults.xml","True","False","False","False","False","True"
"mpmissions/dayzOffline.chernarusplus/cfgeconomycore.xml","True","True","True","False","False","False"
"mpmissions/dayzOffline.chernarusplus/cfgeffectarea.json","True","False","False","False","False","False"
"mpmissions/dayzOffline.chernarusplus/cfgenvironment.xml","True","False","False","False","False","False"
"mpmissions/dayzOffline.chernarusplus/cfgeventgroups.xml","True","False","False","False","False","False"
"mpmissions/dayzOffline.chernarusplus/cfgeventspawns.xml","True","False","False","False","False","False"
"mpmissions/dayzOffline.chernarusplus/cfggameplay.json","True","False","False","False","False","False"
"mpmissions/dayzOffline.chernarusplus/cfgignorelist.xml","True","False","False","False","False","False"
"mpmissions/dayzOffline.chernarusplus/cfglimitsdefinition.xml","True","False","False","False","False","False"
"mpmissions/dayzOffline.chernarusplus/cfglimitsdefinitionuser.xml","True","False","False","False","False","False"
"mpmissions/dayzOffline.chernarusplus/cfgplayerspawnpoints.defaults.xml","True","False","False","False","False","True"
"mpmissions/dayzOffline.chernarusplus/cfgplayerspawnpoints.xml","True","True","True","False","False","False"
"mpmissions/dayzOffline.chernarusplus/cfgrandompresets.xml","True","False","False","False","False","False"
"mpmissions/dayzOffline.chernarusplus/cfgspawnabletypes.defaults.xml","True","False","False","False","False","True"
"mpmissions/dayzOffline.chernarusplus/cfgspawnabletypes.xml","True","True","True","False","False","False"
"mpmissions/dayzOffline.chernarusplus/cfgundergroundtriggers.json","True","False","False","False","False","False"
"mpmissions/dayzOffline.chernarusplus/cfgweather.defaults.xml","True","False","False","False","False","True"
"mpmissions/dayzOffline.chernarusplus/cfgweather.xml","True","True","True","False","False","False"
"mpmissions/dayzOffline.chernarusplus/db/economy.xml","True","False","False","False","False","False"
"mpmissions/dayzOffline.chernarusplus/db/events.defaults.xml","True","False","False","False","False","True"
"mpmissions/dayzOffline.chernarusplus/db/events.xml","True","True","True","False","False","False"
"mpmissions/dayzOffline.chernarusplus/db/globals.defaults.xml","True","False","False","False","False","True"
"mpmissions/dayzOffline.chernarusplus/db/globals.xml","True","True","True","False","False","False"
"mpmissions/dayzOffline.chernarusplus/db/messages.xml","True","False","False","False","False","False"
"mpmissions/dayzOffline.chernarusplus/db/types.defaults.xml","True","False","False","False","False","True"
"mpmissions/dayzOffline.chernarusplus/db/types.xml","True","True","True","False","False","False"
"mpmissions/dayzOffline.chernarusplus/env/bear_territories.xml","True","False","False","False","False","False"
"mpmissions/dayzOffline.chernarusplus/env/cattle_territories.xml","True","False","False","False","False","False"
"mpmissions/dayzOffline.chernarusplus/env/domestic_animals_territories.xml","True","False","False","False","False","False"
"mpmissions/dayzOffline.chernarusplus/env/fox_territories.xml","True","False","False","False","False","False"
"mpmissions/dayzOffline.chernarusplus/env/hare_territories.xml","True","False","False","False","False","False"
"mpmissions/dayzOffline.chernarusplus/env/hen_territories.xml","True","False","False","False","False","False"
"mpmissions/dayzOffline.chernarusplus/env/pig_territories.xml","True","False","False","False","False","False"
"mpmissions/dayzOffline.chernarusplus/env/red_deer_territories.xml","True","False","False","False","False","False"
"mpmissions/dayzOffline.chernarusplus/env/roe_deer_territories.xml","True","False","False","False","False","False"
"mpmissions/dayzOffline.chernarusplus/env/sheep_goat_territories.xml","True","False","False","False","False","False"
"mpmissions/dayzOffline.chernarusplus/env/wild_boar_territories.xml","True","False","False","False","False","False"
"mpmissions/dayzOffline.chernarusplus/env/wolf_territories.xml","True","False","False","False","False","False"
"mpmissions/dayzOffline.chernarusplus/env/zombie_territories.xml","True","False","False","False","False","False"
"mpmissions/dayzOffline.chernarusplus/mapclusterproto.xml","True","False","False","False","False","False"
"mpmissions/dayzOffline.chernarusplus/mapgroupcluster.xml","True","False","False","False","False","False"
"mpmissions/dayzOffline.chernarusplus/mapgroupcluster01.xml","True","False","False","False","False","False"
"mpmissions/dayzOffline.chernarusplus/mapgroupcluster02.xml","True","False","False","False","False","False"
"mpmissions/dayzOffline.chernarusplus/mapgroupcluster03.xml","True","False","False","False","False","False"
"mpmissions/dayzOffline.chernarusplus/mapgroupcluster04.xml","True","False","False","False","False","False"
"mpmissions/dayzOffline.chernarusplus/mapgroupdirt.xml","True","False","False","False","False","False"
"mpmissions/dayzOffline.chernarusplus/mapgrouppos.xml","True","False","False","False","False","False"
"mpmissions/dayzOffline.chernarusplus/mapgroupproto.xml","True","False","False","False","False","False"
"mpmissions/dayzOffline.enoch/cfgeconomycore.defaults.xml","True","False","False","False","False","True"
"mpmissions/dayzOffline.enoch/cfgeconomycore.xml","True","True","True","False","False","False"
"mpmissions/dayzOffline.enoch/cfgeffectarea.json","True","False","False","False","False","False"
"mpmissions/dayzOffline.enoch/cfgenvironment.xml","True","False","False","False","False","False"
"mpmissions/dayzOffline.enoch/cfgeventgroups.xml","True","False","False","False","False","False"
"mpmissions/dayzOffline.enoch/cfgeventspawns.xml","True","False","False","False","False","False"
"mpmissions/dayzOffline.enoch/cfggameplay.json","True","False","False","False","False","False"
"mpmissions/dayzOffline.enoch/cfgignorelist.xml","True","False","False","False","False","False"
"mpmissions/dayzOffline.enoch/cfglimitsdefinition.xml","True","False","False","False","False","False"
"mpmissions/dayzOffline.enoch/cfglimitsdefinitionuser.xml","True","False","False","False","False","False"
"mpmissions/dayzOffline.enoch/cfgplayerspawnpoints.defaults.xml","True","False","False","False","False","True"
"mpmissions/dayzOffline.enoch/cfgplayerspawnpoints.xml","True","True","True","False","False","False"
"mpmissions/dayzOffline.enoch/cfgrandompresets.xml","True","False","False","False","False","False"
"mpmissions/dayzOffline.enoch/cfgspawnabletypes.defaults.xml","True","False","False","False","False","True"
"mpmissions/dayzOffline.enoch/cfgspawnabletypes.xml","True","True","True","False","False","False"
"mpmissions/dayzOffline.enoch/cfgundergroundtriggers.json","True","False","False","False","False","False"
"mpmissions/dayzOffline.enoch/cfgweather.defaults.xml","True","False","False","False","False","True"
"mpmissions/dayzOffline.enoch/cfgweather.xml","True","True","True","False","False","False"
"mpmissions/dayzOffline.enoch/db/economy.xml","True","False","False","False","False","False"
"mpmissions/dayzOffline.enoch/db/events.defaults.xml","True","False","False","False","False","True"
"mpmissions/dayzOffline.enoch/db/events.xml","True","True","True","False","False","False"
"mpmissions/dayzOffline.enoch/db/globals.defaults.xml","True","False","False","False","False","True"
"mpmissions/dayzOffline.enoch/db/globals.xml","True","True","True","False","False","False"
"mpmissions/dayzOffline.enoch/db/messages.xml","True","False","False","False","False","False"
"mpmissions/dayzOffline.enoch/db/types.defaults.xml","True","False","False","False","False","True"
"mpmissions/dayzOffline.enoch/db/types.xml","True","True","True","False","False","False"
"mpmissions/dayzOffline.enoch/env/bear_territories.xml","True","False","False","False","False","False"
"mpmissions/dayzOffline.enoch/env/cattle_territories.xml","True","False","False","False","False","False"
"mpmissions/dayzOffline.enoch/env/fox_territories.xml","True","False","False","False","False","False"
"mpmissions/dayzOffline.enoch/env/hare_territories.xml","True","False","False","False","False","False"
"mpmissions/dayzOffline.enoch/env/hen_territories.xml","True","False","False","False","False","False"
"mpmissions/dayzOffline.enoch/env/pig_territories.xml","True","False","False","False","False","False"
"mpmissions/dayzOffline.enoch/env/red_deer_territories.xml","True","False","False","False","False","False"
"mpmissions/dayzOffline.enoch/env/roe_deer_territories.xml","True","False","False","False","False","False"
"mpmissions/dayzOffline.enoch/env/sheep_goat_territories.xml","True","False","False","False","False","False"
"mpmissions/dayzOffline.enoch/env/wild_boar_territories.xml","True","False","False","False","False","False"
"mpmissions/dayzOffline.enoch/env/wildboar_territories.xml","True","False","False","False","False","False"
"mpmissions/dayzOffline.enoch/env/wolf_territories.xml","True","False","False","False","False","False"
"mpmissions/dayzOffline.enoch/env/zombie_territories.xml","True","False","False","False","False","False"
"mpmissions/dayzOffline.enoch/expansion/missions/Airdrop_Random_Brena.json","True","False","False","False","False","False"
"mpmissions/dayzOffline.enoch/expansion/missions/Airdrop_Random_Dolnik.json","True","False","False","False","False","False"
"mpmissions/dayzOffline.enoch/expansion/missions/Airdrop_Random_Gieraltow.json","True","False","False","False","False","False"
"mpmissions/dayzOffline.enoch/expansion/missions/Airdrop_Random_Karlin.json","True","False","False","False","False","False"
"mpmissions/dayzOffline.enoch/expansion/missions/Airdrop_Random_Kolembrody.json","True","False","False","False","False","False"
"mpmissions/dayzOffline.enoch/expansion/missions/Airdrop_Random_Muratyn.json","True","False","False","False","False","False"
"mpmissions/dayzOffline.enoch/expansion/missions/Airdrop_Random_Nadbor.json","True","False","False","False","False","False"
"mpmissions/dayzOffline.enoch/expansion/missions/Airdrop_Random_NWAF.json","True","False","False","False","False","False"
"mpmissions/dayzOffline.enoch/expansion/missions/Airdrop_Random_Radunin.json","True","False","False","False","False","False"
"mpmissions/dayzOffline.enoch/expansion/missions/Airdrop_Random_Tarnow.json","True","False","False","False","False","False"
"mpmissions/dayzOffline.enoch/expansion/missions/Airdrop_Random_Topolin.json","True","False","False","False","False","False"
"mpmissions/dayzOffline.enoch/expansion/missions/Airdrop_Random_Zapadlisko.json","True","False","False","False","False","False"
"mpmissions/dayzOffline.enoch/expansion/missions/ContaminatedArea_Borek.json","True","False","False","False","False","False"
"mpmissions/dayzOffline.enoch/expansion/missions/ContaminatedArea_Brena.json","True","False","False","False","False","False"
"mpmissions/dayzOffline.enoch/expansion/missions/ContaminatedArea_Dolnik.json","True","False","False","False","False","False"
"mpmissions/dayzOffline.enoch/expansion/missions/ContaminatedArea_Gieraltow.json","True","False","False","False","False","False"
"mpmissions/dayzOffline.enoch/expansion/missions/ContaminatedArea_Gliniska.json","True","False","False","False","False","False"
"mpmissions/dayzOffline.enoch/expansion/missions/ContaminatedArea_Kolembrody.json","True","False","False","False","False","False"
"mpmissions/dayzOffline.enoch/expansion/missions/ContaminatedArea_Konopki.json","True","False","False","False","False","False"
"mpmissions/dayzOffline.enoch/expansion/missions/ContaminatedArea_Polana.json","True","False","False","False","False","False"
"mpmissions/dayzOffline.enoch/expansion/missions/ContaminatedArea_Radacz.json","True","False","False","False","False","False"
"mpmissions/dayzOffline.enoch/expansion/missions/ContaminatedArea_Radunin.json","True","False","False","False","False","False"
"mpmissions/dayzOffline.enoch/expansion/missions/ContaminatedArea_Sarnowek.json","True","False","False","False","False","False"
"mpmissions/dayzOffline.enoch/expansion/missions/ContaminatedArea_Tarnow.json","True","False","False","False","False","False"
"mpmissions/dayzOffline.enoch/expansion/missions/ContaminatedArea_Zapadlisko.json","True","False","False","False","False","False"
"mpmissions/dayzOffline.enoch/expansion/p2pmarket/P2PTrader_1.json","True","False","False","False","False","False"
"mpmissions/dayzOffline.enoch/expansion/personalstorage/PersonalStorage_1.json","True","False","False","False","False","False"
"mpmissions/dayzOffline.enoch/expansion/settings/AILocationSettings.defaults.json","True","False","False","False","False","True"
"mpmissions/dayzOffline.enoch/expansion/settings/AILocationSettings.json","True","False","False","False","False","False"
"mpmissions/dayzOffline.enoch/expansion/settings/AIPatrolSettings.defaults.json","True","False","False","False","False","True"
"mpmissions/dayzOffline.enoch/expansion/settings/AIPatrolSettings.json","True","False","False","False","False","False"
"mpmissions/dayzOffline.enoch/expansion/settings/BaseBuildingSettings.json","True","False","False","False","False","False"
"mpmissions/dayzOffline.enoch/expansion/settings/MapSettings.defaults.json","True","False","False","False","False","True"
"mpmissions/dayzOffline.enoch/expansion/settings/MapSettings.json","True","False","False","False","False","False"
"mpmissions/dayzOffline.enoch/expansion/settings/MarketSettings.json","True","False","False","False","False","False"
"mpmissions/dayzOffline.enoch/expansion/settings/P2PMarketSettings.json","True","False","False","False","False","False"
"mpmissions/dayzOffline.enoch/expansion/settings/PersonalStorageSettings.json","True","False","False","False","False","False"
"mpmissions/dayzOffline.enoch/expansion/settings/SafeZoneSettings.json","True","False","False","False","False","False"
"mpmissions/dayzOffline.enoch/expansion/settings/SpawnSettings.json","True","False","False","False","False","False"
"mpmissions/dayzOffline.enoch/expansion/traderzones/World.json","True","False","False","False","False","False"
"mpmissions/dayzOffline.enoch/mapclusterproto.xml","True","False","False","False","False","False"
"mpmissions/dayzOffline.enoch/mapgroupcluster.xml","True","False","False","False","False","False"
"mpmissions/dayzOffline.enoch/mapgroupcluster01.xml","True","False","False","False","False","False"
"mpmissions/dayzOffline.enoch/mapgroupcluster02.xml","True","False","False","False","False","False"
"mpmissions/dayzOffline.enoch/mapgroupcluster03.xml","True","False","False","False","False","False"
"mpmissions/dayzOffline.enoch/mapgroupcluster04.xml","True","False","False","False","False","False"
"mpmissions/dayzOffline.enoch/mapgroupcluster05.xml","True","False","False","False","False","False"
"mpmissions/dayzOffline.enoch/mapgroupdirt.xml","True","False","False","False","False","False"
"mpmissions/dayzOffline.enoch/mapgrouppos.xml","True","False","False","False","False","False"
"mpmissions/dayzOffline.enoch/mapgroupproto.xml","True","False","False","False","False","False"
"mpmissions/dayzOffline.sakhal/build.xml","True","False","False","False","False","False"
"mpmissions/dayzOffline.sakhal/cfgeconomycore.defaults.xml","True","False","False","False","False","True"
"mpmissions/dayzOffline.sakhal/cfgeconomycore.xml","True","True","True","False","False","False"
"mpmissions/dayzOffline.sakhal/cfgeffectarea.json","True","False","False","False","False","False"
"mpmissions/dayzOffline.sakhal/cfgenvironment.xml","True","False","False","False","False","False"
"mpmissions/dayzOffline.sakhal/cfgeventgroups.xml","True","False","False","False","False","False"
"mpmissions/dayzOffline.sakhal/cfgeventspawns.xml","True","False","False","False","False","False"
"mpmissions/dayzOffline.sakhal/cfggameplay.json","True","False","False","False","False","False"
"mpmissions/dayzOffline.sakhal/cfgignorelist.xml","True","False","False","False","False","False"
"mpmissions/dayzOffline.sakhal/cfglimitsdefinition.xml","True","False","False","False","False","False"
"mpmissions/dayzOffline.sakhal/cfglimitsdefinitionuser.xml","True","False","False","False","False","False"
"mpmissions/dayzOffline.sakhal/cfgplayerspawnpoints.defaults.xml","True","False","False","False","False","True"
"mpmissions/dayzOffline.sakhal/cfgplayerspawnpoints.xml","True","True","True","False","False","False"
"mpmissions/dayzOffline.sakhal/cfgrandompresets.xml","True","False","False","False","False","False"
"mpmissions/dayzOffline.sakhal/cfgspawnabletypes.defaults.xml","True","False","False","False","False","True"
"mpmissions/dayzOffline.sakhal/cfgspawnabletypes.xml","True","True","True","False","False","False"
"mpmissions/dayzOffline.sakhal/cfgundergroundtriggers.json","True","False","False","False","False","False"
"mpmissions/dayzOffline.sakhal/cfgweather.defaults.xml","True","False","False","False","False","True"
"mpmissions/dayzOffline.sakhal/cfgweather.xml","True","True","True","False","False","False"
"mpmissions/dayzOffline.sakhal/custom/bandit_types.xml","True","False","False","False","False","False"
"mpmissions/dayzOffline.sakhal/custom/custom_types.xml","True","False","False","False","False","False"
"mpmissions/dayzOffline.sakhal/custom/dayzdog_types.xml","True","False","False","False","False","False"
"mpmissions/dayzOffline.sakhal/custom/expansion_spawnabletypes.xml","True","False","False","False","False","False"
"mpmissions/dayzOffline.sakhal/custom/expansion_types_tuning.xml","True","False","False","False","False","False"
"mpmissions/dayzOffline.sakhal/custom/expansion_types.xml","True","False","False","False","False","False"
"mpmissions/dayzOffline.sakhal/db/economy.xml","True","False","False","False","False","False"
"mpmissions/dayzOffline.sakhal/db/events.defaults.xml","True","False","False","False","False","True"
"mpmissions/dayzOffline.sakhal/db/events.xml","True","True","True","False","False","False"
"mpmissions/dayzOffline.sakhal/db/globals.defaults.xml","True","False","False","False","False","True"
"mpmissions/dayzOffline.sakhal/db/globals.xml","True","True","True","False","False","False"
"mpmissions/dayzOffline.sakhal/db/messages.xml","True","False","False","False","False","False"
"mpmissions/dayzOffline.sakhal/db/types.defaults.xml","True","False","False","False","False","True"
"mpmissions/dayzOffline.sakhal/db/types.xml","True","True","True","False","False","False"
"mpmissions/dayzOffline.sakhal/env/bear_territories.xml","True","False","False","False","False","False"
"mpmissions/dayzOffline.sakhal/env/fox_territories.xml","True","False","False","False","False","False"
"mpmissions/dayzOffline.sakhal/env/hare_territories.xml","True","False","False","False","False","False"
"mpmissions/dayzOffline.sakhal/env/hen_territories.xml","True","False","False","False","False","False"
"mpmissions/dayzOffline.sakhal/env/reindeer_territories.xml","True","False","False","False","False","False"
"mpmissions/dayzOffline.sakhal/env/sheep_goat_territories.xml","True","False","False","False","False","False"
"mpmissions/dayzOffline.sakhal/env/wolf_territories.xml","True","False","False","False","False","False"
"mpmissions/dayzOffline.sakhal/env/zombie_territories.xml","True","False","False","False","False","False"
"mpmissions/dayzOffline.sakhal/expansion/missions/Airdrop_Random_Settlement_Capital.json","True","False","False","False","False","False"
"mpmissions/dayzOffline.sakhal/expansion/missions/Airdrop_Random_Settlement_CityAirfield.json","True","False","False","False","False","False"
"mpmissions/dayzOffline.sakhal/expansion/missions/Airdrop_Random_Settlement_CityNorth.json","True","False","False","False","False","False"
"mpmissions/dayzOffline.sakhal/expansion/missions/Airdrop_Random_Settlement_CitySouthEast.json","True","False","False","False","False","False"
"mpmissions/dayzOffline.sakhal/expansion/missions/Airdrop_Random_Settlement_OreHarbor.json","True","False","False","False","False","False"
"mpmissions/dayzOffline.sakhal/expansion/missions/Airdrop_Random_Settlement_VillageEast2.json","True","False","False","False","False","False"
"mpmissions/dayzOffline.sakhal/expansion/missions/Airdrop_Random_Settlement_VillageM3.json","True","False","False","False","False","False"
"mpmissions/dayzOffline.sakhal/expansion/missions/Airdrop_Random_Settlement_VillageM4.json","True","False","False","False","False","False"
"mpmissions/dayzOffline.sakhal/expansion/missions/Airdrop_Random_Settlement_VillageNorth1.json","True","False","False","False","False","False"
"mpmissions/dayzOffline.sakhal/expansion/missions/Airdrop_Random_Settlement_VillageNorth2.json","True","False","False","False","False","False"
"mpmissions/dayzOffline.sakhal/expansion/missions/Airdrop_Random_Settlement_VillageNorth3.json","True","False","False","False","False","False"
"mpmissions/dayzOffline.sakhal/expansion/missions/Airdrop_Random_Settlement_VillageNorth4.json","True","False","False","False","False","False"
"mpmissions/dayzOffline.sakhal/expansion/missions/Airdrop_Random_Settlement_VillageNorthEast1.json","True","False","False","False","False","False"
"mpmissions/dayzOffline.sakhal/expansion/missions/Airdrop_Random_Settlement_VillageNorthEast2.json","True","False","False","False","False","False"
"mpmissions/dayzOffline.sakhal/expansion/missions/Airdrop_Random_Settlement_VillageNorthWest1.json","True","False","False","False","False","False"
"mpmissions/dayzOffline.sakhal/expansion/missions/Airdrop_Random_Settlement_VillageNorthWest2.json","True","False","False","False","False","False"
"mpmissions/dayzOffline.sakhal/expansion/missions/Airdrop_Random_Settlement_VillageS2.json","True","False","False","False","False","False"
"mpmissions/dayzOffline.sakhal/expansion/missions/Airdrop_Random_Settlement_VillageSW1.json","True","False","False","False","False","False"
"mpmissions/dayzOffline.sakhal/expansion/missions/Airdrop_Random_Settlement_VillageSW2.json","True","False","False","False","False","False"
"mpmissions/dayzOffline.sakhal/expansion/missions/ContaminatedArea_Burukan.json","True","False","False","False","False","False"
"mpmissions/dayzOffline.sakhal/expansion/missions/ContaminatedArea_Settlement_CityNorth.json","True","False","False","False","False","False"
"mpmissions/dayzOffline.sakhal/expansion/missions/ContaminatedArea_Settlement_OreHarbor.json","True","False","False","False","False","False"
"mpmissions/dayzOffline.sakhal/expansion/missions/ContaminatedArea_Settlement_VillageEast1.json","True","False","False","False","False","False"
"mpmissions/dayzOffline.sakhal/expansion/missions/ContaminatedArea_Settlement_VillageEast2.json","True","False","False","False","False","False"
"mpmissions/dayzOffline.sakhal/expansion/missions/ContaminatedArea_Settlement_VillageIcyRidge.json","True","False","False","False","False","False"
"mpmissions/dayzOffline.sakhal/expansion/missions/ContaminatedArea_Settlement_VillageM3.json","True","False","False","False","False","False"
"mpmissions/dayzOffline.sakhal/expansion/missions/ContaminatedArea_Settlement_VillageNorth1.json","True","False","False","False","False","False"
"mpmissions/dayzOffline.sakhal/expansion/missions/ContaminatedArea_Settlement_VillageNorth2.json","True","False","False","False","False","False"
"mpmissions/dayzOffline.sakhal/expansion/missions/ContaminatedArea_Settlement_VillageNorth3.json","True","False","False","False","False","False"
"mpmissions/dayzOffline.sakhal/expansion/missions/ContaminatedArea_Settlement_VillageNorthEast1.json","True","False","False","False","False","False"
"mpmissions/dayzOffline.sakhal/expansion/missions/ContaminatedArea_Settlement_VillageNorthEast2.json","True","False","False","False","False","False"
"mpmissions/dayzOffline.sakhal/expansion/missions/ContaminatedArea_Settlement_VillageNorthWest1.json","True","False","False","False","False","False"
"mpmissions/dayzOffline.sakhal/expansion/missions/ContaminatedArea_Settlement_VillageNorthWest2.json","True","False","False","False","False","False"
"mpmissions/dayzOffline.sakhal/expansion/missions/ContaminatedArea_Settlement_VillageS2.json","True","False","False","False","False","False"
"mpmissions/dayzOffline.sakhal/expansion/missions/ContaminatedArea_Settlement_VillageSW1.json","True","False","False","False","False","False"
"mpmissions/dayzOffline.sakhal/expansion/missions/ContaminatedArea_Settlement_VillageSW2.json","True","False","False","False","False","False"
"mpmissions/dayzOffline.sakhal/expansion/missions/ContaminatedArea_Shantar.json","True","False","False","False","False","False"
"mpmissions/dayzOffline.sakhal/expansion/p2pmarket/P2PTrader_1.json","True","False","False","False","False","False"
"mpmissions/dayzOffline.sakhal/expansion/personalstorage/PersonalStorage_1.json","True","False","False","False","False","False"
"mpmissions/dayzOffline.sakhal/expansion/settings/AILocations.draft.json","True","False","False","True","False","False"
"mpmissions/dayzOffline.sakhal/expansion/settings/AILocationSettings.defaults.json","True","False","False","False","False","True"
"mpmissions/dayzOffline.sakhal/expansion/settings/AILocationSettings.json","True","False","False","False","False","False"
"mpmissions/dayzOffline.sakhal/expansion/settings/AIPatrols.draft.json","True","False","False","True","False","False"
"mpmissions/dayzOffline.sakhal/expansion/settings/AIPatrolSettings.defaults.json","True","False","False","False","False","True"
"mpmissions/dayzOffline.sakhal/expansion/settings/AIPatrolSettings.json","True","False","False","False","False","False"
"mpmissions/dayzOffline.sakhal/expansion/settings/BaseBuildingSettings.defaults.json","True","False","False","False","False","True"
"mpmissions/dayzOffline.sakhal/expansion/settings/BaseBuildingSettings.json","True","False","False","False","False","False"
"mpmissions/dayzOffline.sakhal/expansion/settings/HardlineSettings.json","True","False","False","False","False","False"
"mpmissions/dayzOffline.sakhal/expansion/settings/MapSettings.defaults.json","True","False","False","False","False","True"
"mpmissions/dayzOffline.sakhal/expansion/settings/MapSettings.json","True","False","False","False","False","False"
"mpmissions/dayzOffline.sakhal/expansion/settings/MarketSettings.defaults.json","True","False","False","False","False","True"
"mpmissions/dayzOffline.sakhal/expansion/settings/MarketSettings.json","True","False","False","False","False","False"
"mpmissions/dayzOffline.sakhal/expansion/settings/P2PMarketSettings.json","True","False","False","False","False","False"
"mpmissions/dayzOffline.sakhal/expansion/settings/PersonalStorageSettings.json","True","False","False","False","False","False"
"mpmissions/dayzOffline.sakhal/expansion/settings/SafeZoneSettings.json","True","False","False","False","False","False"
"mpmissions/dayzOffline.sakhal/expansion/settings/SpawnSettings.defaults.json","True","False","False","False","False","True"
"mpmissions/dayzOffline.sakhal/expansion/settings/SpawnSettings.json","True","False","False","False","False","False"
"mpmissions/dayzOffline.sakhal/expansion/traderzones/World.json","True","False","False","False","False","False"
"mpmissions/dayzOffline.sakhal/mapclusterproto.xml","True","False","False","False","False","False"
"mpmissions/dayzOffline.sakhal/mapgroupcluster.xml","True","False","False","False","False","False"
"mpmissions/dayzOffline.sakhal/mapgroupcluster01.xml","True","False","False","False","False","False"
"mpmissions/dayzOffline.sakhal/mapgroupdirt.xml","True","False","False","False","False","False"
"mpmissions/dayzOffline.sakhal/mapgrouppos.xml","True","False","False","False","False","False"
"mpmissions/dayzOffline.sakhal/mapgroupproto.xml","True","False","False","False","False","False"
"mpmissions/dayzOffline.sakhal/pra/warheadstorage.json","True","False","False","False","False","False"
"profiles/AI_Bandits/AIB_Toggles.defaults.json","False","False","False","False","False","True"
"profiles/AI_Bandits/AIB_Toggles.json","False","False","False","False","False","False"
"profiles/AI_Bandits/common/classification.defaults.json","False","False","False","False","False","True"
"profiles/AI_Bandits/common/classification.json","True","True","True","False","False","False"
"profiles/AI_Bandits/common/DynamicAIB.common.defaults.json","False","False","False","False","False","True"
"profiles/AI_Bandits/common/DynamicAIB.common.json","False","False","True","False","True","False"
"profiles/AI_Bandits/DynamicAIB.json","False","False","False","True","False","False"
"profiles/AI_Bandits/live_positions.json","False","False","False","False","False","False"
"profiles/AI_Bandits/maps/dayzOffline.chernarusplus/DynamicAIB.json","False","False","False","False","False","False"
"profiles/AI_Bandits/maps/dayzOffline.sakhal/DynamicAIB.json","False","False","False","False","False","False"
"profiles/AI_Bandits/maps/dayzOffline.sakhal/StaticAIB.defaults.json","False","False","False","False","False","True"
"profiles/AI_Bandits/maps/dayzOffline.sakhal/StaticAIB.json","False","False","True","False","True","False"
"profiles/AI_Bandits/StaticAIB.json","False","False","False","True","False","False"
"profiles/AI_Shared/map-points.generated.json","True","False","False","True","False","False"
"profiles/AI_Shared/map-points.json","True","False","False","False","False","False"
"profiles/AIB_Unleashed/AIB_UL_Config.defaults.json","False","False","False","False","False","True"
"profiles/AIB_Unleashed/AIB_UL_Config.json","False","False","True","False","True","False"
"profiles/BaseBuildingPlus/BBP_Settings.defaults.json","False","False","False","False","False","True"
"profiles/BaseBuildingPlus/BBP_Settings.json","True","True","True","False","False","False"
"profiles/CodeLock/CodeLockConfig.json","False","False","False","False","False","False"
"profiles/CodeLock/CodeLockPerms.json","False","False","False","False","False","False"
"profiles/Dayz-Dog/DayzDog.json","False","False","False","False","False","False"
"profiles/ExpansionMod/AI/LootDrops/Example.json","False","False","False","False","False","False"
"profiles/ExpansionMod/AIPatrols.control.defaults.json","False","False","False","False","False","True"
"profiles/ExpansionMod/AIPatrols.control.json","True","False","False","False","False","False"
"profiles/ExpansionMod/ATM/2nPQRA65DZOHOMJUReWf_m9KG1UXsatD7MbH6l3dTXo=.json","False","False","False","False","False","False"
"profiles/ExpansionMod/ATM/47tEhSSks5fbc87v_hBNVqPtjPaj99zq0uu4YAA2Zb4=.json","False","False","False","False","False","False"
"profiles/ExpansionMod/ATM/gcgctneHcu6Zg2FwnTuLJ1WQFfPfERY6gjBrWjNy2Oc=.json","False","False","False","False","False","False"
"profiles/ExpansionMod/ATM/Q6aEEINxNiIPF8cl0gWw07qPRrCQNeTr9cNbTM9b5L4=.json","False","False","False","False","False","False"
"profiles/ExpansionMod/ATM/T6jz4wcp7EuQa5YfSTjeM2FfuSbW2tGK0Mm3aTISZcw=.json","False","False","False","False","False","False"
"profiles/ExpansionMod/ATM/T7zTneKFuelGElzAStWFlnVEacPLKi8XR6RgarRi8KU=.json","False","False","False","False","False","False"
"profiles/ExpansionMod/Loadouts/BanditLoadout.defaults.json","True","True","False","False","False","True"
"profiles/ExpansionMod/Loadouts/BanditLoadout.json","True","True","False","False","False","False"
"profiles/ExpansionMod/Loadouts/EastLoadout.json","True","True","False","False","False","False"
"profiles/ExpansionMod/Loadouts/FireFighterLoadout.json","True","True","False","False","False","False"
"profiles/ExpansionMod/Loadouts/FreshSpawnLoadout.defaults.json","True","True","False","False","False","True"
"profiles/ExpansionMod/Loadouts/FreshSpawnLoadout.json","True","True","False","False","False","False"
"profiles/ExpansionMod/Loadouts/GorkaLoadout.defaults.json","True","True","False","False","False","True"
"profiles/ExpansionMod/Loadouts/GorkaLoadout.json","True","True","False","False","False","False"
"profiles/ExpansionMod/Loadouts/HermitLoadout.json","True","True","False","False","False","False"
"profiles/ExpansionMod/Loadouts/HumanLoadout.json","True","True","False","False","False","False"
"profiles/ExpansionMod/Loadouts/MeleeLoadout.defaults.json","True","True","False","False","False","True"
"profiles/ExpansionMod/Loadouts/MeleeLoadout.json","True","True","False","False","False","False"
"profiles/ExpansionMod/Loadouts/MilitaryHeavyLoadout.defaults.json","True","True","False","False","False","True"
"profiles/ExpansionMod/Loadouts/MilitaryHeavyLoadout.json","True","True","False","False","False","False"
"profiles/ExpansionMod/Loadouts/MilitaryLoadout.defaults.json","True","True","False","False","False","True"
"profiles/ExpansionMod/Loadouts/MilitaryLoadout.json","True","True","False","False","False","False"
"profiles/ExpansionMod/Loadouts/NBCLoadout.json","True","True","False","False","False","False"
"profiles/ExpansionMod/Loadouts/PistolLoadout.defaults.json","True","True","False","False","False","True"
"profiles/ExpansionMod/Loadouts/PistolLoadout.json","True","True","False","False","False","False"
"profiles/ExpansionMod/Loadouts/PlayerFemaleSuitLoadout.json","True","True","False","False","False","False"
"profiles/ExpansionMod/Loadouts/PlayerMaleSuitLoadout.defaults.json","True","True","False","False","False","True"
"profiles/ExpansionMod/Loadouts/PlayerMaleSuitLoadout.json","True","True","False","False","False","False"
"profiles/ExpansionMod/Loadouts/PlayerSurvivorLoadout.defaults.json","True","True","False","False","False","True"
"profiles/ExpansionMod/Loadouts/PlayerSurvivorLoadout.json","True","True","False","False","False","False"
"profiles/ExpansionMod/Loadouts/PoliceLoadout.json","True","True","False","False","False","False"
"profiles/ExpansionMod/Loadouts/RaiderM4Loadout.json","True","True","False","False","False","False"
"profiles/ExpansionMod/Loadouts/SniperLoadout.defaults.json","True","True","False","False","False","True"
"profiles/ExpansionMod/Loadouts/SniperLoadout.json","True","True","False","False","False","False"
"profiles/ExpansionMod/Loadouts/SurvivorLoadout.defaults.json","True","True","False","False","False","True"
"profiles/ExpansionMod/Loadouts/SurvivorLoadout.json","True","True","False","False","False","False"
"profiles/ExpansionMod/Loadouts/TownLoadout.defaults.json","True","True","False","False","False","True"
"profiles/ExpansionMod/Loadouts/TownLoadout.json","True","True","False","False","False","False"
"profiles/ExpansionMod/Loadouts/TTSKOLoadout.json","True","True","False","False","False","False"
"profiles/ExpansionMod/Loadouts/WestLoadout.defaults.json","True","True","False","False","False","True"
"profiles/ExpansionMod/Loadouts/WestLoadout.json","True","True","False","False","False","False"
"profiles/ExpansionMod/Loadouts/YeetBrigadeLoadout.json","True","True","False","False","False","False"
"profiles/ExpansionMod/Loadouts/YellowKingLoadout.json","True","True","False","False","False","False"
"profiles/ExpansionMod/Market/Ammo_Boxes.json","True","True","False","False","False","False"
"profiles/ExpansionMod/Market/Ammo.json","True","True","False","False","False","False"
"profiles/ExpansionMod/Market/Armbands.json","True","True","False","False","False","False"
"profiles/ExpansionMod/Market/Assault_Rifles.json","True","True","False","False","False","False"
"profiles/ExpansionMod/Market/Backpacks.json","True","True","False","False","False","False"
"profiles/ExpansionMod/Market/Bandanas.json","True","True","False","False","False","False"
"profiles/ExpansionMod/Market/Batteries.json","True","True","False","False","False","False"
"profiles/ExpansionMod/Market/Bayonets.json","True","True","False","False","False","False"
"profiles/ExpansionMod/Market/Belts.json","True","True","False","False","False","False"
"profiles/ExpansionMod/Market/Blouses_And_Suits.json","True","True","False","False","False","False"
"profiles/ExpansionMod/Market/Boats.json","True","True","False","False","False","False"
"profiles/ExpansionMod/Market/Boots_And_Shoes.json","True","True","False","False","False","False"
"profiles/ExpansionMod/Market/Buttstocks.json","True","True","False","False","False","False"
"profiles/ExpansionMod/Market/Caps.json","True","True","False","False","False","False"
"profiles/ExpansionMod/Market/Cars.json","True","True","False","False","False","False"
"profiles/ExpansionMod/Market/Coats_And_Jackets.json","True","True","False","False","False","False"
"profiles/ExpansionMod/Market/Containers.json","True","True","False","False","False","False"
"profiles/ExpansionMod/Market/Crossbows.json","True","True","False","False","False","False"
"profiles/ExpansionMod/Market/Drinks.json","True","True","False","False","False","False"
"profiles/ExpansionMod/Market/Electronics.json","True","True","False","False","False","False"
"profiles/ExpansionMod/Market/Event.json","True","True","False","False","False","False"
"profiles/ExpansionMod/Market/Exchange.json","True","True","False","False","False","False"
"profiles/ExpansionMod/Market/Explosives_And_Grenades.json","True","True","False","False","False","False"
"profiles/ExpansionMod/Market/Eyewear.json","True","True","False","False","False","False"
"profiles/ExpansionMod/Market/Fish.json","True","True","False","False","False","False"
"profiles/ExpansionMod/Market/Fishing.json","True","True","False","False","False","False"
"profiles/ExpansionMod/Market/Flags.json","True","True","False","False","False","False"
"profiles/ExpansionMod/Market/Food.json","True","True","False","False","False","False"
"profiles/ExpansionMod/Market/Fruit_And_Vegetables.json","True","True","False","False","False","False"
"profiles/ExpansionMod/Market/Furnishings.json","True","True","False","False","False","False"
"profiles/ExpansionMod/Market/Gardening.json","True","True","False","False","False","False"
"profiles/ExpansionMod/Market/Ghillies.json","True","True","False","False","False","False"
"profiles/ExpansionMod/Market/Gloves.json","True","True","False","False","False","False"
"profiles/ExpansionMod/Market/Handguards.json","True","True","False","False","False","False"
"profiles/ExpansionMod/Market/Hats_And_Hoods.json","True","True","False","False","False","False"
"profiles/ExpansionMod/Market/Helicopters.json","True","True","False","False","False","False"
"profiles/ExpansionMod/Market/Helmets.json","True","True","False","False","False","False"
"profiles/ExpansionMod/Market/Holsters_And_Pouches.json","True","True","False","False","False","False"
"profiles/ExpansionMod/Market/Kits.json","True","True","False","False","False","False"
"profiles/ExpansionMod/Market/Knifes.json","True","True","False","False","False","False"
"profiles/ExpansionMod/Market/Launchers.json","True","True","False","False","False","False"
"profiles/ExpansionMod/Market/Lights.json","True","True","False","False","False","False"
"profiles/ExpansionMod/Market/Liquids.json","True","True","False","False","False","False"
"profiles/ExpansionMod/Market/Locks.json","True","True","False","False","False","False"
"profiles/ExpansionMod/Market/Magazines.json","True","True","False","False","False","False"
"profiles/ExpansionMod/Market/Masks.json","True","True","False","False","False","False"
"profiles/ExpansionMod/Market/Meat.json","True","True","False","False","False","False"
"profiles/ExpansionMod/Market/Medical.json","True","True","False","False","False","False"
"profiles/ExpansionMod/Market/Melee_Weapons.json","True","True","False","False","False","False"
"profiles/ExpansionMod/Market/Muzzles.json","True","True","False","False","False","False"
"profiles/ExpansionMod/Market/Navigation.json","True","True","False","False","False","False"
"profiles/ExpansionMod/Market/Optics.json","True","True","False","False","False","False"
"profiles/ExpansionMod/Market/Pants_And_Shorts.json","True","True","False","False","False","False"
"profiles/ExpansionMod/Market/Pistols.json","True","True","False","False","False","False"
"profiles/ExpansionMod/Market/Rifles.json","True","True","False","False","False","False"
"profiles/ExpansionMod/Market/Shirts_And_TShirts.json","True","True","False","False","False","False"
"profiles/ExpansionMod/Market/Shotguns.json","True","True","False","False","False","False"
"profiles/ExpansionMod/Market/Skirts_And_Dresses.json","True","True","False","False","False","False"
"profiles/ExpansionMod/Market/Sniper_Rifles.json","True","True","False","False","False","False"
"profiles/ExpansionMod/Market/Spraycans.json","True","True","False","False","False","False"
"profiles/ExpansionMod/Market/Submachine_Guns.json","True","True","False","False","False","False"
"profiles/ExpansionMod/Market/Supplies.json","True","True","False","False","False","False"
"profiles/ExpansionMod/Market/Sweaters_And_Hoodies.json","True","True","False","False","False","False"
"profiles/ExpansionMod/Market/Tents.json","True","True","False","False","False","False"
"profiles/ExpansionMod/Market/Tools.json","True","True","False","False","False","False"
"profiles/ExpansionMod/Market/Vehicle_Parts.json","True","True","False","False","False","False"
"profiles/ExpansionMod/Market/Vests.json","True","True","False","False","False","False"
"profiles/ExpansionMod/Quests/NPCs/QuestNPC_1.json","False","False","False","False","False","False"
"profiles/ExpansionMod/Quests/NPCs/QuestNPC_2.json","False","False","False","False","False","False"
"profiles/ExpansionMod/Quests/NPCs/QuestNPC_3.json","False","False","False","False","False","False"
"profiles/ExpansionMod/Quests/Objectives/Action/Objective_A_1.json","False","False","False","False","False","False"
"profiles/ExpansionMod/Quests/Objectives/Action/Objective_A_2.json","False","False","False","False","False","False"
"profiles/ExpansionMod/Quests/Objectives/AICamp/Objective_AIC_1.json","False","False","False","False","False","False"
"profiles/ExpansionMod/Quests/Objectives/AIPatrol/Objective_AIP_1.json","False","False","False","False","False","False"
"profiles/ExpansionMod/Quests/Objectives/AIVIP/Objective_AIESCORT_1.json","False","False","False","False","False","False"
"profiles/ExpansionMod/Quests/Objectives/Collection/Objective_C_1.json","False","False","False","False","False","False"
"profiles/ExpansionMod/Quests/Objectives/Collection/Objective_C_2.json","False","False","False","False","False","False"
"profiles/ExpansionMod/Quests/Objectives/Collection/Objective_C_3.json","False","False","False","False","False","False"
"profiles/ExpansionMod/Quests/Objectives/Crafting/Objective_CR_1.json","False","False","False","False","False","False"
"profiles/ExpansionMod/Quests/Objectives/Delivery/Objective_D_1.json","False","False","False","False","False","False"
"profiles/ExpansionMod/Quests/Objectives/Delivery/Objective_D_2.json","False","False","False","False","False","False"
"profiles/ExpansionMod/Quests/Objectives/Target/Objective_TA_1.json","False","False","False","False","False","False"
"profiles/ExpansionMod/Quests/Objectives/Target/Objective_TA_2.json","False","False","False","False","False","False"
"profiles/ExpansionMod/Quests/Objectives/Target/Objective_TA_3.json","False","False","False","False","False","False"
"profiles/ExpansionMod/Quests/Objectives/Target/Objective_TA_4.json","False","False","False","False","False","False"
"profiles/ExpansionMod/Quests/Objectives/Travel/Objective_T_1.json","False","False","False","False","False","False"
"profiles/ExpansionMod/Quests/Objectives/Travel/Objective_T_2.json","False","False","False","False","False","False"
"profiles/ExpansionMod/Quests/Objectives/Travel/Objective_T_3.json","False","False","False","False","False","False"
"profiles/ExpansionMod/Quests/Objectives/Travel/Objective_T_4.json","False","False","False","False","False","False"
"profiles/ExpansionMod/Quests/Objectives/Travel/Objective_T_5.json","False","False","False","False","False","False"
"profiles/ExpansionMod/Quests/Objectives/Travel/Objective_T_6.json","False","False","False","False","False","False"
"profiles/ExpansionMod/Quests/Objectives/Travel/Objective_T_7.json","False","False","False","False","False","False"
"profiles/ExpansionMod/Quests/Objectives/TreasureHunt/Objective_TH_1.json","False","False","False","False","False","False"
"profiles/ExpansionMod/Quests/PersistentServerData.json","False","False","False","False","False","False"
"profiles/ExpansionMod/Quests/Quests/Quest_1.json","False","False","False","False","False","False"
"profiles/ExpansionMod/Quests/Quests/Quest_10.json","False","False","False","False","False","False"
"profiles/ExpansionMod/Quests/Quests/Quest_11.json","False","False","False","False","False","False"
"profiles/ExpansionMod/Quests/Quests/Quest_12.json","False","False","False","False","False","False"
"profiles/ExpansionMod/Quests/Quests/Quest_13.json","False","False","False","False","False","False"
"profiles/ExpansionMod/Quests/Quests/Quest_14.json","False","False","False","False","False","False"
"profiles/ExpansionMod/Quests/Quests/Quest_15.json","False","False","False","False","False","False"
"profiles/ExpansionMod/Quests/Quests/Quest_16.json","False","False","False","False","False","False"
"profiles/ExpansionMod/Quests/Quests/Quest_17.json","False","False","False","False","False","False"
"profiles/ExpansionMod/Quests/Quests/Quest_18.json","False","False","False","False","False","False"
"profiles/ExpansionMod/Quests/Quests/Quest_19.json","False","False","False","False","False","False"
"profiles/ExpansionMod/Quests/Quests/Quest_2.json","False","False","False","False","False","False"
"profiles/ExpansionMod/Quests/Quests/Quest_20.json","False","False","False","False","False","False"
"profiles/ExpansionMod/Quests/Quests/Quest_21.json","False","False","False","False","False","False"
"profiles/ExpansionMod/Quests/Quests/Quest_22.json","False","False","False","False","False","False"
"profiles/ExpansionMod/Quests/Quests/Quest_23.json","False","False","False","False","False","False"
"profiles/ExpansionMod/Quests/Quests/Quest_24.json","False","False","False","False","False","False"
"profiles/ExpansionMod/Quests/Quests/Quest_3.json","False","False","False","False","False","False"
"profiles/ExpansionMod/Quests/Quests/Quest_4.json","False","False","False","False","False","False"
"profiles/ExpansionMod/Quests/Quests/Quest_5.json","False","False","False","False","False","False"
"profiles/ExpansionMod/Quests/Quests/Quest_6.json","False","False","False","False","False","False"
"profiles/ExpansionMod/Quests/Quests/Quest_7.json","False","False","False","False","False","False"
"profiles/ExpansionMod/Quests/Quests/Quest_8.json","False","False","False","False","False","False"
"profiles/ExpansionMod/Quests/Quests/Quest_9.json","False","False","False","False","False","False"
"profiles/ExpansionMod/Settings/AirdropSettings.defaults.json","True","True","False","False","False","True"
"profiles/ExpansionMod/Settings/AirdropSettings.json","True","True","False","False","False","False"
"profiles/ExpansionMod/Settings/AISettings.defaults.json","True","True","False","False","False","True"
"profiles/ExpansionMod/Settings/AISettings.json","True","True","False","False","False","False"
"profiles/ExpansionMod/Settings/BookSettings.defaults.json","True","True","False","False","False","True"
"profiles/ExpansionMod/Settings/BookSettings.json","True","True","False","False","False","False"
"profiles/ExpansionMod/Settings/ChatSettings.json","True","True","False","False","False","False"
"profiles/ExpansionMod/Settings/CoreSettings.defaults.json","True","True","False","False","False","True"
"profiles/ExpansionMod/Settings/CoreSettings.json","True","True","False","False","False","False"
"profiles/ExpansionMod/Settings/DamageSystemSettings.json","True","True","False","False","False","False"
"profiles/ExpansionMod/Settings/GarageSettings.json","True","True","False","False","False","False"
"profiles/ExpansionMod/Settings/GeneralSettings.json","True","True","False","False","False","False"
"profiles/ExpansionMod/Settings/LogsSettings.json","True","True","False","False","False","False"
"profiles/ExpansionMod/Settings/MissionSettings.defaults.json","True","True","False","False","False","True"
"profiles/ExpansionMod/Settings/MissionSettings.json","True","True","False","False","False","False"
"profiles/ExpansionMod/Settings/MonitoringSettings.json","True","True","False","False","False","False"
"profiles/ExpansionMod/Settings/NameTagsSettings.json","True","True","False","False","False","False"
"profiles/ExpansionMod/Settings/NotificationSchedulerSettings.defaults.json","True","True","False","False","False","True"
"profiles/ExpansionMod/Settings/NotificationSchedulerSettings.json","True","True","False","False","False","False"
"profiles/ExpansionMod/Settings/NotificationSettings.json","True","True","False","False","False","False"
"profiles/ExpansionMod/Settings/PartySettings.json","True","True","False","False","False","False"
"profiles/ExpansionMod/Settings/PersonalStorageNewSettings.json","True","True","False","False","False","False"
"profiles/ExpansionMod/Settings/PlayerListSettings.json","True","True","False","False","False","False"
"profiles/ExpansionMod/Settings/QuestSettings.json","True","True","False","False","False","False"
"profiles/ExpansionMod/Settings/RaidSettings.json","True","True","False","False","False","False"
"profiles/ExpansionMod/Settings/SocialMediaSettings.defaults.json","True","True","False","False","False","True"
"profiles/ExpansionMod/Settings/SocialMediaSettings.json","True","True","False","False","False","False"
"profiles/ExpansionMod/Settings/TerritorySettings.json","True","True","False","False","False","False"
"profiles/ExpansionMod/Settings/VehicleSettings.defaults.json","True","True","False","False","False","True"
"profiles/ExpansionMod/Settings/VehicleSettings.json","True","True","False","False","False","False"
"profiles/ExpansionMod/Traders/Aircraft.json","True","True","False","False","False","False"
"profiles/ExpansionMod/Traders/Attachments.json","True","True","False","False","False","False"
"profiles/ExpansionMod/Traders/Boats.json","True","True","False","False","False","False"
"profiles/ExpansionMod/Traders/BuildingSupplies.json","True","True","False","False","False","False"
"profiles/ExpansionMod/Traders/Clothing_Accessories.json","True","True","False","False","False","False"
"profiles/ExpansionMod/Traders/Clothing.json","True","True","False","False","False","False"
"profiles/ExpansionMod/Traders/Components.json","True","True","False","False","False","False"
"profiles/ExpansionMod/Traders/Consumables.json","True","True","False","False","False","False"
"profiles/ExpansionMod/Traders/Event.json","True","True","False","False","False","False"
"profiles/ExpansionMod/Traders/Exchange.json","True","True","False","False","False","False"
"profiles/ExpansionMod/Traders/Fishing.json","True","True","False","False","False","False"
"profiles/ExpansionMod/Traders/Medicals.json","True","True","False","False","False","False"
"profiles/ExpansionMod/Traders/Special.json","True","True","False","False","False","False"
"profiles/ExpansionMod/Traders/Spraycans.json","True","True","False","False","False","False"
"profiles/ExpansionMod/Traders/Vehicle_Parts.json","True","True","False","False","False","False"
"profiles/ExpansionMod/Traders/Vehicles.json","True","True","False","False","False","False"
"profiles/ExpansionMod/Traders/Weapons.json","True","True","False","False","False","False"
"profiles/FlyingDutchman/ferry.json","False","False","False","False","False","False"
"profiles/FlyingDutchman/route.json","False","False","False","False","False","False"
"profiles/FlyingDutchman/ship.json","False","False","False","False","False","False"
"profiles/FlyingDutchman/state.sakhal.json","False","False","False","False","False","False"
"profiles/FlyingDutchman/waypoints.sakhal.json","False","False","False","False","False","False"
"profiles/KnockKnockAIBandits/KnockKnockAIBandits_Settings.defaults.json","False","False","False","False","False","True"
"profiles/KnockKnockAIBandits/KnockKnockAIBandits_Settings.json","False","False","True","False","True","False"
"profiles/LiveTracker/ai.json","False","False","False","False","False","False"
"profiles/LiveTracker/players.json","False","False","False","False","False","False"
"profiles/LiveTracker/time.json","False","False","False","False","False","False"
"profiles/SpawnerBubaku/maps/dayzOffline.sakhal/SpawnerBubakuV2.defaults.json","False","False","False","False","False","True"
"profiles/SpawnerBubaku/maps/dayzOffline.sakhal/SpawnerBubakuV2.json","False","False","True","False","True","False"
"profiles/SpawnerBubaku/SpawnerBubakuV2.json","False","False","False","False","False","False"
"profiles/SpawnerBubaku/StaticBubakSpawner.json","False","False","False","False","False","False"
"profiles/transfer_spawn.json","False","False","False","False","False","False"
"profiles/users/Survivor/Server.core.xml","False","False","False","False","False","False"
"profiles/users/Survivor/Server.dayz_preset_User.xml","False","False","False","False","False","False"
"profiles/VPPAdminTools/BanList.json","False","False","False","False","False","False"
"profiles/VPPAdminTools/ConfigurablePlugins/SteamAPI.json","False","False","False","False","False","False"
"profiles/VPPAdminTools/ConfigurablePlugins/TeleportManager/TeleportLocation.json","False","False","False","False","False","False"
"profiles/VPPAdminTools/ConfigurablePlugins/TimeManager/TimeSettingsPresets.json","False","False","False","False","False","False"
"profiles/VPPAdminTools/ConfigurablePlugins/WeatherManager/WeatherSettingsPresets.json","False","False","False","False","False","False"
"profiles/VPPAdminTools/ConfigurablePlugins/WebHooksManager/WebHooks.json","False","False","False","False","False","False"
"profiles/VPPAdminTools/ItemPresets.json","False","False","False","False","False","False"
"profiles/VPPAdminTools/LogOptions.json","False","False","False","False","False","False"
"profiles/VPPAdminTools/Permissions/UserGroups/UserGroups.json","False","False","False","False","False","False"
"server-settings.defaults.json","False","False","False","False","False","True"
"server-settings.json","True","True","False","False","False","False"
"steamapps/workshop/content/221100/2471347750/types.xml","False","False","False","False","False","False"
"steamapps/workshop/content/221100/2482312670/SpawnerBubakuV2.json","False","False","False","False","False","False"
"steamapps/workshop/content/221100/2971190303/cfgeventspawns_Chernarus.xml","False","False","False","False","False","False"
"steamapps/workshop/content/221100/2971190303/events.xml","False","False","False","False","False","False"
"steamapps/workshop/content/221100/2971190303/spawnabletypes.xml","False","False","False","False","False","False"
"steamapps/workshop/content/221100/2971190303/types.xml","False","False","False","False","False","False"
